{
  "convertHtml": {
    "relativePaths": false
  },
  "debug": false,
  "domain": null,
  "lintScripts": false,
  "modelSource": null,
  "preprocessorLocations": [
    "bower_components/foundation/scss",
    "assets"
  ],
  "preprocessorScriptOutput": "assets/js",
  "preprocessorStyleOutput": "assets/css",
  "projectDescription": "The most advanced responsive front-end framework in the world.",
  "projectName": "Week 5",
  "publishedId": null,
  "sass": {
    "useLibSass": true
  },
  "serverHostname": null,
  "serverPort": null,
  "simpleModePartnerServer": null,
  "templateDefaultLayout": "layout",
  "templateDefaultPage": "index",
  "templateDirectory": "templates",
  "type": "mixture",
  "useCompass": false
}